abc434,c,373
abc344,a,-793
abc057,c,904
abc283,g,2173
abc319,g,2185
abc145,c,335
abc147,f,2393
abc336,d,991
abc129,e,1547
abc235,e,1304
abc114,b,2
abc096,c,407
abc447,d,430
abc027,b,855
abc367,a,-492
abc440,d,863
abc429,b,-725
abc434,d,909
abc116,b,-55
abc112,d,1025
abc322,g,2876
abc144,d,714
abc307,g,2330
abc220,c,-86
abc176,e,1204
abc371,c,849
abc288,d,1757
abc273,a,-1038
abc175,d,1491
abc292,g,2340
abc047,a,-115
abc371,b,-772
abc160,c,62
abc261,h,2531
abc318,e,1004
abc420,a,-1065
abc320,g,2575
abc312,g,1819
abc405,g,2354
abc399,d,964
abc432,d,1745
abc229,b,-501
abc073,c,454
abc284,e,1043
abc184,b,-797
abc346,b,213
abc441,a,-630
abc251,g,2468
abc179,b,-563
abc278,h,3768
abc274,f,2212
abc369,d,621
abc057,b,434
abc196,d,1277
abc393,a,-1085
abc403,g,2028
abc026,c,820
abc433,c,226
abc147,c,977
abc282,c,-139
abc243,a,-841
abc326,e,1363
abc231,h,2681
abc370,d,1088
abc266,h,2865
abc406,f,1470
abc204,d,832
abc142,f,1919
abc225,e,1678
abc147,b,-481
abc137,e,1740
abc210,c,357
abc382,f,1443
abc062,b,99
abc383,b,246
abc034,d,1549
abc195,f,2068
abc280,a,-1011
abc189,b,249
abc396,f,1479
abc139,d,354
abc140,e,1873
abc182,d,701
abc314,e,1722
abc129,a,-727
abc286,d,607
abc302,b,349
abc375,g,2014
abc388,e,1068
abc361,c,337
abc178,d,875
abc080,a,-824
abc336,a,-1289
abc193,a,-1117
abc041,a,-238
abc317,f,2072
abc437,a,-1191
abc153,b,-670
abc131,a,-742
abc399,c,312
abc392,g,1817
abc319,e,1353
abc197,e,1379
abc048,a,-401
abc245,c,403
abc142,d,827
abc255,h,2430
abc280,e,1251
abc125,b,-353
abc056,b,-92
abc306,d,596
abc385,d,1171
abc356,g,3022
abc262,e,1719
abc214,c,309
abc311,c,448
abc136,f,2334
abc222,e,1491
abc038,b,-31
abc443,b,-657
abc173,b,-710
abc397,e,1484
abc231,d,726
abc186,d,436
abc289,c,396
abc384,f,1908
abc352,e,1030
abc325,c,400
abc192,d,1425
abc022,b,621
abc204,c,629
abc429,a,-1091
abc437,b,-581
abc337,d,760
abc410,g,2242
abc037,b,192
abc402,a,-1084
abc329,d,232
abc440,f,2108
abc357,f,1793
abc078,a,-528
abc311,a,-876
abc252,d,884
abc038,d,1804
abc295,e,2157
abc192,a,-1209
abc082,a,-413
abc405,b,-430
abc145,f,2116
abc430,a,-834
abc265,e,1531
abc172,c,930
abc147,d,1205
abc430,c,750
abc299,d,684
abc191,d,1953
abc312,a,-990
abc421,g,2410
abc413,g,1723
abc256,f,2067
abc119,b,-292
abc234,b,-464
abc040,a,-186
abc415,a,-1040
abc055,b,326
abc037,a,-225
abc443,g,2268
abc258,e,1545
abc206,b,-946
abc246,d,1148
abc451,e,1215
abc439,b,-469
abc263,g,2261
abc095,b,-234
abc354,d,1259
abc167,e,1442
abc383,a,-827
abc273,g,2521
abc181,f,2009
abc115,d,1088
abc107,a,-913
abc277,g,2491
abc177,e,1057
abc413,a,-1081
abc152,c,59
abc263,h,3041
abc228,e,1579
abc400,c,702
abc096,d,1226
abc309,c,344
abc079,c,331
abc396,e,1379
abc425,a,-968
abc032,c,1244
abc283,e,1802
abc110,d,1695
abc157,f,2525
abc435,f,1385
abc160,f,2048
abc049,b,219
abc347,d,1041
abc104,a,-743
abc020,a,-73
abc243,e,1637
abc378,f,1436
abc156,f,2150
abc284,c,108
abc132,a,-483
abc342,e,1476
abc428,g,2472
abc237,g,2088
abc326,c,274
abc427,c,629
abc250,c,517
abc296,c,38
abc386,g,2930
abc173,e,1607
abc393,f,1284
abc234,f,1596
abc433,a,-494
abc224,c,286
abc203,d,1622
abc105,c,1204
abc220,f,1304
abc379,f,1659
abc358,g,1737
abc436,c,208
abc324,f,1815
abc125,c,1197
abc447,a,-904
abc381,f,1739
abc165,f,1843
abc238,h,3247
abc079,d,949
abc374,e,1504
abc259,b,81
abc329,g,2995
abc212,f,2332
abc228,h,2729
abc205,b,-889
abc443,c,8
abc240,c,464
abc325,g,2388
abc372,e,1042
abc386,d,996
abc070,a,-646
abc199,d,1804
abc361,f,1606
abc263,d,1016
abc228,b,-229
abc135,a,-593
abc031,c,1106
abc099,a,-714
abc366,f,1819
abc264,g,2348
abc369,e,1301
abc280,f,1819
abc337,a,-923
abc377,d,987
abc358,d,393
abc401,f,1666
abc029,d,1393
abc201,a,-1000
abc346,a,-1074
abc322,c,-56
abc270,e,1211
abc420,e,790
abc085,a,-465
abc444,f,2654
abc294,d,385
abc338,d,1234
abc155,f,2738
abc365,b,-757
abc259,e,1370
abc312,h,2477
abc445,b,-621
abc322,a,-992
abc289,f,2100
abc352,f,2052
abc141,f,2342
abc187,c,137
abc141,e,1459
abc377,c,248
abc402,g,3381
abc220,e,1593
abc245,d,815
abc245,g,2270
abc291,h,2097
abc418,c,401
abc283,b,-578
abc241,h,2881
abc221,b,-371
abc382,d,685
abc448,d,638
abc116,a,-1030
abc260,h,3339
abc312,d,964
abc115,c,273
abc417,c,206
abc295,h,2728
abc160,d,879
abc363,d,975
abc279,f,1777
abc338,a,-779
abc315,f,1674
abc254,c,536
abc025,b,358
abc331,b,85
abc270,c,625
abc047,b,726
abc235,g,2462
abc370,f,2102
abc414,a,-1044
abc239,a,-788
abc036,c,956
abc219,f,2542
abc340,d,784
abc440,c,631
abc120,c,372
abc138,d,920
abc267,e,1313
abc310,f,1938
abc149,e,1905
abc130,a,-977
abc362,c,521
abc254,h,2499
abc358,a,-1054
abc187,b,-311
abc112,a,-687
abc139,a,-789
abc363,a,-1042
abc210,a,-813
abc382,c,476
abc288,g,2606
abc368,d,816
abc409,g,2616
abc430,g,2371
abc264,b,-391
abc313,c,681
abc263,a,-679
abc020,d,2695
abc395,c,36
abc089,a,-515
abc226,c,539
abc208,c,-13
abc300,g,2343
abc212,a,-1351
abc025,a,-15
abc232,c,685
abc089,b,-187
abc380,e,1230
abc431,g,2490
abc127,f,2003
abc185,b,-183
abc293,a,-998
abc292,a,-1207
abc166,b,-224
abc088,c,477
abc267,f,1939
abc024,a,-5
abc349,d,832
abc379,e,1246
abc222,a,-1316
abc028,d,920
abc208,b,-421
abc444,b,-567
abc277,b,-362
abc321,a,-754
abc275,b,-1
abc197,d,831
abc219,a,-1257
abc289,a,-952
abc201,d,1317
abc153,f,1393
abc288,c,436
abc191,a,-717
abc254,b,-476
abc036,a,-374
abc215,c,76
abc170,e,1502
abc444,e,1107
abc073,a,-458
abc241,e,1248
abc438,a,-648
abc186,c,-45
abc158,a,-895
abc108,b,310
abc102,b,-328
abc428,d,1239
abc223,c,351
abc151,a,-966
abc443,d,738
abc217,g,2047
abc020,b,160
abc164,c,-241
abc135,f,2388
abc378,c,105
abc062,a,-257
abc185,e,1468
abc112,c,1147
abc173,d,720
abc224,f,1733
abc257,d,1203
abc034,a,-227
abc437,d,509
abc259,h,2406
abc233,e,969
abc326,f,1870
abc344,c,131
abc285,f,1876
abc407,a,-698
abc296,e,1285
abc333,g,2536
abc148,a,-1054
abc239,e,1084
abc355,d,735
abc344,e,973
abc358,e,1397
abc384,b,-641
abc261,d,801
abc290,f,2300
abc354,e,1223
abc353,b,-425
abc190,b,-774
abc128,c,805
abc038,c,894
abc394,g,2031
abc024,c,1007
abc368,g,1841
abc277,c,540
abc118,d,1657
abc376,b,271
abc100,c,320
abc053,b,44
abc302,a,-723
abc162,f,1764
abc119,a,-417
abc226,a,-930
abc133,d,938
abc071,b,115
abc216,f,1541
abc377,e,1685
abc209,f,2307
abc232,a,-1137
abc382,e,1671
abc025,c,1640
abc377,b,-432
abc209,c,264
abc159,f,1876
abc211,d,755
abc232,f,1857
abc298,c,448
abc291,f,1449
abc336,c,339
abc375,e,1424
abc354,c,441
abc204,b,-1132
abc414,f,2357
abc161,b,-148
abc408,b,-578
abc376,e,1063
abc303,e,1113
abc374,c,172
abc393,e,1253
abc414,c,709
abc207,a,-1304
abc348,b,-251
abc417,d,1230
abc427,d,981
abc064,d,969
abc153,d,-52
abc268,a,-876
abc185,f,1053
abc113,c,878
abc374,a,-1054
abc451,b,-566
abc161,f,1528
abc048,b,861
abc261,b,-275
abc260,e,1692
abc222,g,2242
abc126,c,638
abc363,c,602
abc184,d,1276
abc116,d,1712
abc187,d,650
abc036,b,324
abc141,d,823
abc236,a,-1207
abc212,d,775
abc416,d,682
abc206,a,-1335
abc234,g,2306
abc075,d,1470
abc425,g,2205
abc202,e,1638
abc245,e,1571
abc439,g,3023
abc234,d,503
abc088,a,-535
abc355,g,2991
abc274,g,2340
abc439,c,321
abc246,f,1677
abc315,c,312
abc170,f,1968
abc347,c,926
abc264,e,1229
abc109,b,93
abc282,e,1604
abc397,g,2947
abc354,f,1639
abc449,d,927
abc185,d,490
abc063,a,-762
abc403,f,1733
abc238,d,921
abc314,h,2938
abc314,d,585
abc379,c,951
abc259,f,1961
abc228,d,1035
abc188,b,-913
abc079,a,-145
abc083,b,62
abc144,e,1449
abc193,b,-552
abc244,a,-1271
abc407,c,278
abc226,e,1327
abc446,e,1209
abc448,b,-306
abc432,g,1984
abc211,f,2350
abc155,a,-951
abc025,d,3006
abc345,f,2157
abc120,a,-930
abc396,g,2195
abc338,e,1220
abc122,c,700
abc129,f,2621
abc300,a,-1147
abc144,a,-913
abc159,c,-104
abc127,e,1938
abc352,c,-32
abc323,c,354
abc123,a,-628
abc265,g,2436
abc313,h,3008
abc268,h,2560
abc405,d,471
abc299,f,2349
abc373,g,2377
abc343,g,2114
abc241,a,-923
abc171,a,-1086
abc333,d,704
abc314,b,-34
abc290,c,170
abc237,e,1208
abc412,a,-1084
abc250,a,-706
abc390,d,1607
abc242,e,1365
abc137,f,2402
abc021,b,391
abc120,d,1355
abc097,b,207
abc221,d,832
abc210,d,1507
abc099,b,-46
abc123,d,1489
abc349,f,2169
abc296,d,999
abc237,b,-449
abc343,c,160
abc247,b,127
abc331,c,268
abc342,b,-378
abc180,d,752
abc324,g,2501
abc266,b,-176
abc439,f,1488
abc232,g,2550
abc347,f,2179
abc380,g,1995
abc260,b,112
abc346,d,845
abc117,d,1423
abc271,b,-166
abc237,d,544
abc436,e,958
abc287,a,-1023
abc246,a,-670
abc151,d,959
abc435,g,2519
abc260,g,2339
abc206,c,60
abc200,f,2556
abc321,b,160
abc427,b,-404
abc301,g,3262
abc317,c,604
abc272,a,-1186
abc178,a,-1197
abc152,e,1348
abc335,a,-1139
abc258,d,687
abc252,a,-1225
abc299,g,2066
abc238,g,2254
abc275,h,3210
abc122,b,-122
abc406,d,694
abc031,a,-209
abc224,b,-237
abc174,a,-1212
abc325,b,61
abc237,a,-702
abc435,a,-1289
abc362,a,-1001
abc201,e,1694
abc262,a,-1190
abc236,e,1893
abc350,d,773
abc201,c,439
abc374,b,-660
abc205,a,-1295
abc339,a,-845
abc362,b,-320
abc077,a,-228
abc203,f,2252
abc143,e,1695
abc447,g,2391
abc279,d,766
abc142,e,1397
abc318,h,2785
abc287,f,2034
abc289,h,3246
abc228,g,2711
abc332,d,1175
abc227,d,1643
abc360,d,32
abc397,c,90
abc207,b,-161
abc348,d,1108
abc368,e,2140
abc337,g,2080
abc429,c,125
abc224,g,2374
abc362,f,2186
abc251,b,83
abc234,e,899
abc445,e,1337
abc210,b,-756
abc134,d,926
abc298,f,1535
abc330,c,519
abc334,f,1813
abc300,c,534
abc400,e,1226
abc207,e,1820
abc419,g,2677
abc377,f,2232
abc448,g,3305
abc140,c,39
abc429,e,1313
abc285,g,2566
abc200,c,138
abc355,a,-988
abc306,f,1557
abc272,e,1434
abc099,d,1345
abc229,a,-721
abc371,f,2109
abc262,d,1213
abc222,f,1934
abc278,g,2533
abc233,f,2038
abc215,h,3101
abc381,a,-622
abc176,f,2912
abc446,d,550
abc346,e,1053
abc265,a,-841
abc257,a,-754
abc408,d,950
abc322,f,1806
abc294,a,-1166
abc281,a,-1303
abc441,g,1985
abc413,d,943
abc243,h,3884
abc441,e,969
abc229,h,3308
abc201,f,2484
abc397,f,1753
abc075,b,368
abc178,f,1877
abc196,e,1650
abc157,a,-1070
abc380,b,-683
abc033,b,279
abc387,b,-785
abc332,b,-265
abc365,e,1102
abc399,e,2045
abc297,e,1176
abc367,g,3110
abc321,e,1627
abc088,d,999
abc407,g,2190
abc405,a,-1085
abc401,e,1270
abc137,c,597
abc349,g,2655
abc361,d,1202
abc346,g,2166
abc086,a,-864
abc064,c,559
abc265,h,3319
abc261,g,2803
abc189,c,565
abc235,h,2967
abc218,h,2805
abc264,c,758
abc434,g,3645
abc335,d,431
abc252,c,441
abc379,b,-533
abc303,c,417
abc281,g,2304
abc166,e,1062
abc118,b,3
abc319,a,-1069
abc044,a,-334
abc173,a,-1005
abc281,f,1714
abc029,b,-75
abc372,a,-1013
abc171,f,1795
abc335,c,452
abc039,c,524
abc367,f,1540
abc251,h,3108
abc198,e,1161
abc237,c,239
abc294,c,-59
abc360,g,1982
abc241,f,1888
abc238,e,1577
abc061,d,1838
abc297,b,-455
abc442,f,1295
abc229,d,745
abc146,a,-805
abc247,e,1256
abc177,f,2291
abc327,b,-54
abc308,f,1284
abc232,d,539
abc283,c,-207
abc276,g,2278
abc241,b,-503
abc285,a,-1022
abc299,h,2984
abc280,c,-333
abc100,a,-382
abc433,g,2060
abc190,e,1645
abc263,b,-32
abc411,a,-1028
abc433,f,1617
abc404,g,1894
abc287,g,2180
abc327,a,-738
abc404,a,-724
abc356,b,-517
abc228,f,2179
abc183,d,662
abc250,e,1421
abc127,b,-688
abc396,b,-556
abc193,e,1948
abc289,e,1318
abc306,c,31
abc151,f,1671
abc303,a,-763
abc233,c,604
abc314,a,-630
abc037,c,915
abc153,e,1015
abc395,d,919
abc301,c,379
abc341,f,1604
abc150,e,1851
abc272,c,51
abc304,c,365
abc243,g,2032
abc199,b,-547
abc232,b,-234
abc160,e,1036
abc127,d,887
abc213,c,481
abc391,g,2247
abc352,g,2413
abc339,c,66
abc363,b,-616
abc220,b,-370
abc390,f,1801
abc380,c,166
abc188,d,933
abc133,c,592
abc257,e,1385
abc304,g,3177
abc257,g,2078
abc357,d,970
abc236,d,1190
abc366,b,80
abc252,h,3015
abc242,d,1286
abc277,h,2917
abc085,b,-106
abc416,a,-1079
abc286,a,-640
abc428,c,483
abc305,g,1989
abc154,f,1775
abc417,g,2778
abc233,b,-748
abc146,b,-265
abc322,e,1193
abc218,b,-929
abc138,b,-364
abc414,d,841
abc104,b,188
abc133,f,2330
abc444,c,582
abc444,a,-1133
abc402,d,827
abc050,a,-284
abc243,d,758
abc094,b,-56
abc243,c,409
abc129,b,-182
abc386,b,-497
abc346,f,1840
abc167,b,-379
abc140,b,-249
abc411,g,2093
abc128,d,1354
abc155,d,1845
abc193,f,2475
abc412,f,2038
abc405,e,1259
abc442,d,276
abc397,b,-340
abc138,c,-96
abc431,e,1424
abc154,b,-915
abc115,a,-832
abc430,f,1615
abc245,f,1451
abc405,f,1588
abc236,h,2898
abc341,b,42
abc349,a,-702
abc331,d,1361
abc272,h,3740
abc057,a,-777
abc385,b,-257
abc287,e,1093
abc149,c,62
abc335,e,1540
abc129,c,796
abc339,b,126
abc235,f,2129
abc102,a,-690
abc080,b,-205
abc134,a,-1059
abc339,e,1109
abc223,h,2771
abc367,e,1370
abc229,c,45
abc239,b,-378
abc113,a,-910
abc033,d,2248
abc274,d,916
abc448,f,1719
abc276,a,-974
abc419,c,226
abc034,c,1440
abc450,a,-929
abc332,c,36
abc323,e,1279
abc118,c,646
abc331,e,1018
abc373,e,1592
abc383,d,884
abc409,f,1580
abc061,a,-229
abc282,a,-1239
abc168,f,2478
abc113,b,144
abc262,c,360
abc194,f,2197
abc274,b,-449
abc442,e,1355
abc035,a,59
abc168,b,-769
abc374,f,2026
abc321,d,806
abc136,a,-880
abc154,e,1298
abc258,h,2708
abc126,d,1279
abc267,c,524
abc300,f,1846
abc183,c,329
abc321,f,1645
abc274,c,304
abc268,b,-696
abc151,e,1344
abc133,a,-1009
abc435,b,-439
abc398,g,3352
abc360,c,-559
abc369,f,1618
abc094,a,-452
abc409,e,973
abc276,b,-11
abc425,f,1831
abc036,d,1602
abc451,c,250
abc404,c,370
abc431,b,-558
abc179,e,1175
abc439,d,627
abc332,e,1883
abc446,g,1955
abc254,e,1202
abc366,e,1515
abc330,b,-88
abc450,f,1967
abc059,b,158
abc363,g,3358
abc089,d,1220
abc096,b,-207
abc357,e,1295
abc270,h,3159
abc033,a,-326
abc212,g,2150
abc302,g,1891
abc418,e,1282
abc191,e,1323
abc404,b,83
abc170,a,-1143
abc223,f,1641
abc160,b,-811
abc156,d,1014
abc284,d,658
abc123,c,643
abc130,c,626
abc253,f,1756
abc305,c,30
abc384,c,95
abc253,a,-857
abc440,g,2993
abc297,c,-172
abc306,h,3335
abc174,f,1495
abc297,d,247
abc450,g,2227
abc216,b,-537
abc188,e,1170
abc415,g,2180
abc398,c,-70
abc207,f,2398
abc275,g,2522
abc364,a,-648
abc208,f,2772
abc335,f,1690
abc323,b,-267
abc068,a,-838
abc121,b,-245
abc394,b,-630
abc386,f,1875
abc134,c,-31
abc153,a,-940
abc375,d,658
abc162,d,757
abc243,f,2125
abc199,f,2065
abc373,f,2018
abc145,e,1528
abc393,b,-480
abc427,e,1734
abc170,b,-414
abc382,b,-732
abc270,a,-473
abc139,b,-71
abc374,g,2608
abc247,f,1697
abc143,c,-322
abc415,c,657
abc028,a,-139
abc171,c,560
abc200,a,-1321
abc020,c,1477
abc438,b,-188
abc241,c,664
abc341,a,-1033
abc284,a,-1072
abc309,d,621
abc052,a,-600
abc174,e,1227
abc220,h,3047
abc224,h,2887
abc136,e,1670
abc344,d,854
abc388,f,2214
abc315,g,2315
abc217,d,802
abc303,b,-110
abc305,f,1420
abc358,c,247
abc330,d,569
abc161,c,4
abc260,d,1074
abc392,a,-1041
abc114,a,-636
abc410,c,178
abc364,f,1878
abc269,e,1030
abc337,f,2386
abc446,c,384
abc271,d,886
abc188,c,-83
abc076,c,846
abc233,a,-1110
abc148,e,818
abc309,g,2372
abc180,c,-13
abc277,a,-1045
abc022,a,373
abc197,b,-170
abc204,e,1710
abc275,f,1608
abc295,g,2091
abc449,f,1987
abc432,a,-999
abc310,d,1368
abc434,f,2600
abc426,f,1776
abc304,f,1619
abc368,f,1180
abc419,f,1726
abc300,d,908
abc446,f,1543
abc213,f,2215
abc284,h,3125
abc301,f,2548
abc138,f,2431
abc350,b,-476
abc268,e,1927
abc255,a,-983
abc443,e,1301
abc201,b,-614
abc393,d,533
abc130,f,2240
abc345,b,-191
abc108,a,-703
abc242,h,2835
abc287,h,2639
abc309,h,3029
abc022,d,1857
abc409,c,421
abc206,f,2221
abc421,a,-930
abc226,b,107
abc101,a,-545
abc135,e,2665
abc215,e,1413
abc429,g,3295
abc320,f,2042
abc287,d,796
abc121,a,-831
abc425,b,-233
abc218,c,1012
abc301,b,-314
abc251,a,-1113
abc323,g,3091
abc103,a,-324
abc417,f,1414
abc039,d,1039
abc205,e,2025
abc416,g,2542
abc327,f,1624
abc175,a,-746
abc314,g,2301
abc181,d,600
abc131,b,-183
abc271,f,1669
abc369,a,-665
abc392,d,579
abc392,f,1395
abc433,d,752
abc202,b,-884
abc372,c,336
abc084,a,-968
abc432,b,-449
abc176,d,1248
abc313,d,1630
abc135,d,1334
abc041,b,385
abc223,e,1510
abc426,e,1584
abc342,c,505
abc353,d,844
abc253,e,1073
abc157,e,1443
abc366,a,-790
abc209,b,-978
abc146,c,741
abc256,g,2250
abc244,c,46
abc370,a,-1042
abc105,d,1458
abc093,a,-452
abc361,g,2613
abc325,e,1093
abc111,a,-627
abc234,h,2505
abc293,f,2038
abc138,a,-848
abc358,b,-490
abc304,h,2642
abc257,c,678
abc344,b,-456
abc242,b,-478
abc182,b,-108
abc235,d,862
abc331,a,-704
abc255,g,2734
abc409,a,-756
abc411,c,185
abc214,e,1835
abc259,g,2428
abc225,d,778
abc285,c,25
abc359,b,-678
abc256,c,541
abc425,c,304
abc355,e,2299
abc317,g,2649
abc195,c,235
abc309,b,-68
abc043,b,512
abc141,c,-35
abc415,f,1552
abc432,c,654
abc032,d,1731
abc284,g,2218
abc196,c,202
abc274,e,1520
abc292,f,1522
abc251,c,205
abc443,a,-1139
abc261,a,-423
abc282,b,-284
abc383,g,3026
abc189,d,769
abc342,g,2107
abc252,f,1609
abc340,g,2401
abc351,e,1627
abc387,c,1249
abc120,b,-168
abc398,f,1033
abc058,b,155
abc198,d,1224
abc439,e,1071
abc311,g,2265
abc421,d,1321
abc156,e,1514
abc400,f,2263
abc249,h,3487
abc230,g,2516
abc132,f,2143
abc349,b,-202
abc318,g,2260
abc419,a,-888
abc351,b,-585
abc269,b,-308
abc137,d,1313
abc254,f,1764
abc310,h,3343
abc266,g,2045
abc209,e,2153
abc360,e,1249
abc333,b,-202
abc230,d,963
abc210,e,1618
abc219,g,2287
abc178,c,653
abc215,f,1853
abc438,f,1852
abc130,e,1676
abc318,f,2009
abc040,d,1656
abc091,b,310
abc308,e,1042
abc451,d,856
abc194,c,386
abc343,b,-411
abc164,e,1877
abc287,c,466
abc247,g,2159
abc318,b,-152
abc303,f,2381
abc029,c,584
abc397,d,1132
abc410,f,1732
abc312,c,727
abc341,c,406
abc286,b,-605
abc394,c,36
abc353,g,1765
abc076,a,-452
abc270,g,2220
abc266,a,-1129
abc402,b,-680
abc257,f,1775
abc214,d,1341
abc176,b,-420
abc187,a,-1172
abc302,c,469
abc066,a,-405
abc074,a,-1025
abc392,b,-649
abc103,c,451
abc261,f,1587
abc185,c,373
abc398,e,1238
abc451,g,2221
abc387,a,-1268
abc264,d,414
abc148,d,85
abc313,f,3100
abc092,b,-149
abc132,b,-423
abc426,g,2119
abc277,e,1183
abc199,e,1814
abc111,b,-370
abc421,e,2122
abc147,a,-966
abc388,b,-633
abc348,a,-1088
abc187,f,1895
abc132,c,-99
abc154,a,-937
abc350,c,394
abc212,b,-330
abc070,d,1182
abc273,c,369
abc239,g,2215
abc311,h,3605
abc208,d,1190
abc143,f,2277
abc410,e,1077
abc203,e,1750
abc186,a,-1438
abc404,d,803
abc135,c,323
abc324,b,-193
abc045,b,635
abc332,a,-1099
abc265,d,727
abc295,d,939
abc300,e,1354
abc104,d,1739
abc117,c,612
abc307,e,1240
abc251,e,1227
abc213,g,2663
abc265,f,2290
abc433,b,-454
abc031,d,1688
abc219,d,1085
abc347,a,-1026
abc240,d,570
abc279,h,3279
abc089,c,642
abc202,d,966
abc280,g,2842
abc231,e,1740
abc267,a,-984
abc215,a,-1224
abc085,c,584
abc295,b,24
abc400,a,-1201
abc059,a,-257
abc253,g,2051
abc030,a,-39
abc080,d,1383
abc134,b,-455
abc190,d,722
abc407,f,1740
abc166,d,694
abc351,c,175
abc217,a,-772
abc262,f,2334
abc326,g,2470
abc441,f,1455
abc357,g,3159
abc191,f,2333
abc259,c,451
abc411,b,-606
abc264,f,1878
abc189,a,-1145
abc188,f,1865
abc378,g,3051
abc305,e,1158
abc222,b,-1117
abc302,f,1430
abc183,b,-55
abc376,g,2858
abc177,d,732
abc315,d,1531
abc238,a,-689
abc100,b,376
abc334,g,2242
abc449,b,-476
abc202,a,-1398
abc250,g,2219
abc413,f,1635
abc230,f,2113
abc290,g,2407
abc321,g,2439
abc051,b,784
abc279,g,2431
abc288,f,2024
abc203,c,54
abc143,b,-514
abc197,c,809
abc353,a,-1018
abc103,b,110
abc242,f,2268
abc177,c,386
abc437,e,1279
abc342,d,944
abc142,a,-658
abc117,a,-940
abc240,f,1589
abc343,e,1802
abc448,c,231
abc219,e,1690
abc221,h,2793
abc054,c,1244
abc301,d,885
abc298,h,2792
abc156,b,-466
abc124,d,1138
abc242,g,1828
abc072,a,-654
abc275,e,1264
abc154,c,-333
abc429,d,903
abc266,c,516
abc215,d,736
abc349,e,1464
abc395,f,1437
abc442,a,-1065
abc406,g,3197
abc414,b,-553
abc309,a,-756
abc357,c,370
abc360,b,-255
abc218,g,2217
abc258,b,511
abc026,a,-291
abc192,c,-135
abc142,c,-90
abc376,c,364
abc438,e,1226
abc340,a,-1100
abc235,c,210
abc084,c,908
abc230,h,3528
abc281,d,1031
abc403,c,138
abc269,g,2440
abc360,a,-809
abc242,c,512
abc317,e,1085
abc262,b,160
abc449,e,1556
abc311,e,1293
abc158,d,610
abc168,d,804
abc400,b,-600
abc435,d,568
abc345,g,3343
abc419,e,1298
abc128,b,347
abc130,d,865
abc393,c,98
abc249,c,528
abc398,a,-1093
abc327,g,2968
abc337,c,225
abc347,g,2876
abc275,d,606
abc167,a,-765
abc156,c,-221
abc348,c,23
abc233,d,726
abc415,b,-668
abc136,b,-267
abc372,d,901
abc109,c,542
abc311,f,1984
abc165,c,1136
abc348,g,2559
abc353,c,795
abc262,h,2957
abc173,c,653
abc237,f,1857
abc190,f,1321
abc333,f,1770
abc302,e,988
abc226,d,706
abc268,g,2311
abc152,a,-1089
abc140,a,-958
abc305,b,-749
abc344,g,3032
abc438,g,2455
abc241,d,1177
abc225,f,2612
abc445,a,-1152
abc227,h,3229
abc405,c,-146
abc218,d,715
abc391,a,-1092
abc226,f,2086
abc341,g,2208
abc282,d,1154
abc169,d,732
abc381,g,3313
abc326,b,-503
abc361,b,283
abc067,a,-339
abc177,a,-857
abc186,e,1461
abc090,a,-454
abc307,f,2139
abc218,e,1004
abc446,a,-935
abc281,b,-322
abc176,c,-288
abc386,c,218
abc151,c,327
abc166,f,1668
abc276,c,389
abc296,a,-937
abc277,f,2400
abc311,d,885
abc413,b,-426
abc270,b,-131
abc259,d,947
abc155,b,-629
abc325,d,1367
abc387,f,1760
abc301,h,2898
abc131,d,588
abc170,d,1033
abc256,a,-1191
abc182,c,274
abc035,d,1591
abc353,f,2201
abc041,d,1670
abc348,e,1347
abc406,b,75
abc330,g,3455
abc406,a,-1020
abc386,e,1518
abc145,d,1009
abc369,b,-344
abc214,b,-405
abc290,d,1036
abc375,a,-789
abc211,a,-1262
abc325,f,1769
abc403,d,1052
abc379,d,745
abc327,c,55
abc112,b,-175
abc187,e,1358
abc395,b,-286
abc231,c,111
abc345,a,-515
abc192,b,-748
abc333,e,948
abc308,c,605
abc288,h,3282
abc077,b,-117
abc421,c,377
abc260,a,-989
abc364,c,101
abc134,f,2532
abc401,d,1148
abc195,e,1609
abc181,b,-413
abc083,a,-984
abc144,c,311
abc269,c,384
abc281,e,1334
abc158,f,2067
abc315,e,921
abc441,c,406
abc359,c,828
abc053,a,-510
abc069,a,-470
abc248,d,793
abc226,h,2813
abc294,g,1702
abc368,a,-791
abc367,b,-488
abc188,a,-1177
abc340,b,-494
abc356,a,-842
abc079,b,50
abc179,d,1251
abc420,g,1427
abc273,b,77
abc338,c,513
abc131,f,1937
abc355,c,317
abc249,g,2756
abc415,e,1212
abc080,c,1130
abc417,e,1111
abc298,e,1300
abc163,f,2470
abc295,f,2306
abc234,c,22
abc346,c,78
abc269,h,3178
abc412,e,1496
abc296,f,1811
abc389,e,1897
abc273,f,2277
abc364,b,-248
abc425,e,1221
abc134,e,1320
abc199,a,-1323
abc370,c,176
abc362,g,1625
abc291,c,97
abc361,e,1213
abc407,d,930
abc143,d,686
abc354,g,2665
abc220,a,-933
abc356,f,2152
abc390,g,2508
abc286,c,565
abc067,b,-158
abc194,d,1078
abc421,b,-391
abc244,h,2878
abc199,c,436
abc334,a,-1092
abc250,f,2044
abc434,e,1317
abc285,h,3192
abc139,c,13
abc304,d,1015
abc249,b,-459
abc076,d,1884
abc293,g,1753
abc380,f,1769
abc196,a,-1120
abc181,a,-1179
abc296,b,-622
abc156,a,-1194
abc413,e,1241
abc285,e,1466
abc213,a,-600
abc330,a,-1185
abc172,f,2216
abc166,c,233
abc168,e,1896
abc309,e,957
abc228,c,149
abc310,c,245
abc431,f,1613
abc213,d,710
abc244,f,1661
abc292,e,1272
abc021,c,1324
abc200,e,1955
abc084,d,980
abc177,b,108
abc124,c,34
abc329,c,133
abc241,g,2422
abc230,c,566
abc391,c,141
abc244,d,47
abc372,g,2925
abc045,a,-687
abc227,a,-779
abc143,a,-903
abc232,e,1380
abc399,b,-512
abc389,d,749
abc186,f,1833
abc279,a,-1224
abc308,b,-417
abc399,f,1558
abc244,e,1125
abc206,d,879
abc239,h,2686
abc054,b,893
abc184,f,1423
abc435,e,982
abc295,a,-921
abc098,b,358
abc276,d,645
abc214,f,1973
abc382,g,3278
abc294,e,792
abc351,a,-1028
abc221,f,2093
abc180,b,-54
abc387,g,2986
abc409,b,-61
abc390,a,-492
abc175,e,1554
abc339,g,1792
abc268,f,1807
abc283,h,2682
abc070,b,-93
abc348,f,1955
abc320,c,851
abc300,b,350
abc081,a,-418
abc280,h,3307
abc246,c,330
abc150,c,422
abc144,b,-597
abc360,f,2563
abc416,b,-390
abc420,b,-273
abc144,f,2189
abc431,c,63
abc034,b,-65
abc247,a,-944
abc082,b,497
abc248,a,-769
abc297,g,1834
abc176,a,-857
abc384,d,666
abc075,c,1067
abc410,d,1048
abc178,e,1054
abc328,a,-1141
abc373,a,-1045
abc450,b,-101
abc320,e,1096
abc175,c,417
abc320,a,-1061
abc229,f,1917
abc411,d,1018
abc436,d,633
abc158,b,-72
abc321,c,591
abc073,d,1345
abc175,f,2512
abc326,d,1371
abc447,e,955
abc272,b,-24
abc184,c,782
abc225,a,-994
abc040,c,896
abc169,f,1698
abc383,c,750
abc330,e,1004
abc208,e,2024
abc229,g,2121
abc040,b,640
abc373,b,-403
abc121,d,1164
abc338,f,1835
abc123,b,1
abc239,d,215
abc294,h,3058
abc380,a,-880
abc382,a,-1062
abc197,f,1945
abc157,d,1208
abc240,h,3184
abc148,c,-341
abc169,b,349
abc084,b,-6
abc359,g,2099
abc229,e,1015
abc295,c,-75
abc449,g,2631
abc035,c,1096
abc283,a,-1172
abc255,f,1797
abc026,d,1406
abc107,b,448
abc046,b,633
abc023,c,1752
abc351,f,1253
abc375,f,1546
abc279,c,246
abc280,d,880
abc351,d,974
abc361,a,-910
abc345,c,469
abc325,a,-1158
abc027,d,2088
abc231,f,1580
abc331,g,2668
abc028,b,181
abc091,a,-746
abc271,g,2323
abc213,b,-692
abc415,d,846
abc289,b,169
abc066,b,384
abc387,e,2097
abc110,c,949
abc418,g,3038
abc055,a,-736
abc350,e,1385
abc222,d,865
abc450,e,1352
abc180,f,2419
abc312,e,2047
abc128,a,-1004
abc355,f,1924
abc333,a,-1203
abc257,h,3461
abc280,b,-769
abc250,h,2773
abc315,h,2807
abc297,a,-900
abc322,b,-398
abc323,a,-921
abc371,d,408
abc211,c,559
abc286,e,1128
abc184,a,-1299
abc276,f,1562
abc387,d,817
abc220,g,2439
abc373,c,-269
abc376,f,2089
abc064,a,-482
abc290,a,-1118
abc046,a,-112
abc271,e,1402
abc129,d,1103
abc395,a,-945
abc328,c,189
abc117,b,-475
abc420,f,2420
abc246,g,2313
abc122,a,-794
abc236,b,-655
abc233,g,2438
abc306,e,1268
abc223,a,-1257
abc301,e,1673
abc162,c,34
abc403,b,-277
abc252,g,2153
abc150,d,1534
abc445,g,2250
abc050,b,187
abc124,b,-313
abc240,e,1068
abc419,b,-624
abc338,g,2573
abc282,g,2412
abc236,c,-245
abc073,b,-179
abc353,e,1217
abc138,e,1257
abc165,b,-200
abc244,g,2117
abc030,d,1586
abc416,f,2115
abc152,d,1045
abc261,e,1261
abc381,e,1396
abc218,a,-1219
abc169,e,1353
abc420,d,699
abc391,e,1165
abc189,f,2154
abc064,b,-155
abc253,d,520
abc375,b,-325
abc259,a,-582
abc297,f,1990
abc171,b,-765
abc426,d,886
abc157,b,-128
abc044,b,243
abc164,a,-1160
abc291,e,1069
abc021,d,1704
abc305,a,-1093
abc196,f,2274
abc261,c,79
abc159,a,-612
abc367,d,1037
abc051,d,1566
abc310,e,1261
abc269,a,-1162
abc416,e,1428
abc238,c,637
abc388,c,145
abc432,f,2273
abc135,b,-195
abc100,d,1331
abc284,b,-936
abc447,b,-430
abc384,g,2343
abc283,d,453
abc207,c,397
abc358,f,2098
abc070,c,697
abc359,d,1381
abc434,a,-1206
abc228,a,-395
abc133,b,47
abc271,h,2908
abc258,c,419
abc162,a,-778
abc232,h,2780
abc028,c,466
abc292,b,-534
abc384,e,1002
abc324,c,637
abc219,c,227
abc442,g,2347
abc370,e,1453
abc345,d,1419
abc420,c,56
abc162,e,1662
abc249,f,1786
abc366,d,586
abc393,g,3731
abc401,g,2022
abc357,a,-824
abc122,d,1533
abc436,g,2164
abc253,h,2758
abc172,a,-1208
abc362,e,1225
abc431,a,-1080
abc146,e,1762
abc429,f,1859
abc253,b,-378
abc330,f,1718
abc437,g,2806
abc207,d,2074
abc246,e,1476
abc162,b,-504
abc154,d,485
abc251,d,1463
abc384,a,-1039
abc363,e,1307
abc279,e,1390
abc410,b,-380
abc249,d,983
abc186,b,-671
abc430,b,-16
abc185,a,-1216
abc388,a,-1184
abc217,f,1954
abc212,c,205
abc212,h,2741
abc133,e,1505
abc388,d,659
abc124,a,-1015
abc408,a,-537
abc445,f,1514
abc334,c,1030
abc381,d,921
abc141,a,-891
abc291,a,-1162
abc126,e,1340
abc312,b,153
abc308,g,2008
abc200,d,1217
abc307,d,666
abc318,c,400
abc417,b,-507
abc246,h,2677
abc052,b,24
abc182,e,1098
abc292,d,579
abc027,c,1539
abc051,c,968
abc419,d,214
abc266,e,1227
abc315,b,-470
abc403,e,1447
abc227,e,2377
abc179,f,1713
abc128,e,1840
abc161,e,1760
abc127,c,194
abc369,c,315
abc193,c,378
abc139,e,1528
abc224,d,1376
abc265,c,146
abc396,a,-958
abc367,c,186
abc267,h,2422
abc179,a,-926
abc340,f,1516
abc030,c,1000
abc216,e,1084
abc214,h,3138
abc372,f,1722
abc336,f,2018
abc333,c,224
abc106,d,1319
abc202,c,130
abc146,f,1545
abc406,e,1365
abc178,b,-413
abc310,b,171
abc169,c,597
abc235,a,-1104
abc385,a,-938
abc378,b,-90
abc401,c,209
abc303,g,2736
abc292,c,444
abc114,d,1337
abc294,b,-714
abc267,d,864
abc298,d,882
abc392,c,-43
abc032,a,171
abc350,g,2058
abc109,a,-779
abc172,b,-779
abc192,f,1783
abc444,g,3117
abc210,f,2632
abc414,e,1296
abc038,a,-145
abc278,f,1452
abc024,d,2050
abc057,d,1658
abc208,a,-662
abc092,a,-827
abc310,a,-749
abc136,d,794
abc245,b,-523
abc396,c,273
abc267,b,61
abc412,d,1186
abc381,c,140
abc214,a,-1424
abc088,b,-182
abc301,a,-821
abc314,f,1736
abc302,d,682
abc383,e,1616
abc385,c,446
abc391,f,1554
abc428,a,-744
abc427,g,2975
abc245,h,3057
abc287,b,-471
abc326,a,-665
abc411,f,1898
abc337,e,1155
abc209,a,-1380
abc204,f,2044
abc370,g,3428
abc343,f,1370
abc412,g,3402
abc142,b,-592
abc193,d,866
abc184,e,1418
abc340,e,1157
abc327,e,1227
abc222,c,366
abc163,e,2037
abc430,e,1109
abc221,e,1515
abc255,d,788
abc183,e,1288
abc170,c,15
abc148,f,1457
abc194,e,1088
abc447,c,318
abc128,f,2464
abc345,e,2356
abc164,b,-532
abc213,e,1423
abc311,b,-312
abc340,c,528
abc390,c,207
abc204,a,-1213
abc378,a,-755
abc329,e,1539
abc271,a,-662
abc248,c,787
abc256,e,1224
abc214,g,2893
abc217,h,3112
abc021,a,-256
abc099,c,1101
abc167,f,1961
abc257,b,-194
abc451,f,1540
abc240,b,-819
abc341,e,1223
abc181,e,1193
abc356,c,568
abc252,b,-497
abc402,f,1645
abc300,h,3209
abc377,g,1782
abc354,b,-403
abc215,b,-307
abc278,e,996
abc251,f,1703
abc265,b,13
abc225,h,3061
abc219,h,3297
abc288,e,2000
abc390,b,0
abc319,f,2480
abc293,b,-328
abc403,a,-1129
abc329,f,1207
abc289,d,551
abc263,f,2066
abc244,b,-637
abc317,d,929
abc313,g,2454
abc307,h,2754
abc389,c,220
abc256,d,546
abc196,b,-530
abc158,c,66
abc239,c,119
abc121,c,358
abc246,b,-250
abc054,a,-141
abc381,b,-417
abc198,f,2769
abc203,b,-997
abc303,d,778
abc368,c,367
abc334,e,1195
abc249,e,1970
abc302,h,2407
abc255,e,1519
abc191,c,1063
abc356,e,1506
abc029,a,-473
abc217,e,986
abc227,f,2323
abc104,c,1393
abc437,c,489
abc165,d,600
abc163,c,125
abc298,g,2405
abc409,d,772
abc260,c,413
abc412,c,607
abc182,f,2121
abc318,a,-934
abc058,a,-473
abc169,a,-1205
abc132,e,1625
abc217,c,-439
abc297,h,2855
abc150,f,2281
abc268,d,1309
abc308,a,-881
abc071,a,-610
abc190,c,472
abc356,d,886
abc378,d,587
abc365,g,2254
abc168,c,178
abc127,a,-912
abc221,c,378
abc194,b,-138
abc396,d,601
abc401,a,-1160
abc039,a,-358
abc444,d,574
abc296,g,2241
abc273,d,1119
abc032,b,672
abc365,c,241
abc349,c,159
abc278,c,320
abc076,b,-137
abc323,d,852
abc183,a,-1280
abc329,b,-802
abc281,h,3180
abc131,e,1433
abc354,a,-770
abc151,b,-525
abc041,c,629
abc148,b,-640
abc386,a,-702
abc400,d,1026
abc362,d,634
abc149,d,719
abc398,d,746
abc101,b,-227
abc096,a,-222
abc404,f,2162
abc223,d,1069
abc037,d,1377
abc213,h,2806
abc332,f,1786
abc063,b,-140
abc402,e,1409
abc197,a,-1263
abc310,g,2696
abc408,c,166
abc383,f,1706
abc385,g,2492
abc368,b,-384
abc275,a,-929
abc427,a,-1031
abc171,e,778
abc198,b,-369
abc250,b,-119
abc442,b,-675
abc264,a,-1180
abc248,h,2960
abc236,f,1943
abc449,c,323
abc286,f,1841
abc023,a,-410
abc334,d,602
abc254,d,1191
abc290,e,1485
abc288,a,-1292
abc389,f,1642
abc166,a,-1125
abc174,d,486
abc086,b,-146
abc254,a,-1194
abc407,b,-397
abc223,g,2351
abc344,f,1922
abc320,d,873
abc167,c,595
abc445,c,404
abc374,d,694
abc239,f,1959
abc260,f,1995
abc140,d,1074
abc195,a,-1321
abc277,d,873
abc328,b,-213
abc352,b,-394
abc137,b,-561
abc119,d,1346
abc392,e,1218
abc225,g,2566
abc227,g,2207
abc116,c,542
abc237,h,2807
abc432,e,1133
abc256,b,-227
abc397,a,-1252
abc223,b,-213
abc226,g,2373
abc293,d,830
abc174,b,-495
abc324,e,1153
abc231,a,-1422
abc293,h,2831
abc416,c,282
abc218,f,1753
abc139,f,2034
abc328,e,1160
abc440,b,-675
abc447,f,1480
abc085,d,954
abc106,a,-744
abc157,c,456
abc441,d,732
abc436,b,-387
abc389,b,-703
abc274,h,3191
abc227,c,692
abc216,d,1039
abc279,b,-533
abc172,e,1880
abc275,c,760
abc061,b,108
abc359,e,1275
abc306,g,2563
abc216,g,1963
abc385,f,1905
abc179,c,261
abc278,b,-72
abc435,c,11
abc341,d,829
abc167,d,754
abc335,b,-416
abc264,h,2660
abc271,c,842
abc140,f,2105
abc130,b,-300
abc248,e,1292
abc276,h,3087
abc026,b,199
abc286,h,2526
abc221,a,-1081
abc350,a,-610
abc286,g,2135
abc194,a,-925
abc369,g,2055
abc371,e,981
abc440,a,-1018
abc081,b,-12
abc401,b,-807
abc035,b,804
abc278,d,559
abc451,a,-1020
abc400,g,2813
abc198,c,413
abc317,b,-764
abc163,d,960
abc364,e,1496
abc217,b,-763
abc388,g,2001
abc249,a,-142
abc343,a,-960
abc252,e,1294
abc141,b,-424
abc242,a,-555
abc216,c,-6
abc222,h,3477
abc291,b,-606
abc448,e,1359
abc313,e,1672
abc270,d,1300
abc149,f,2208
abc051,a,-359
abc351,g,2920
abc216,a,-860
abc285,b,-123
abc399,g,3625
abc299,e,1216
abc327,d,709
abc247,c,5
abc056,a,-372
abc125,a,-832
abc255,b,348
abc212,e,1410
abc436,a,-1226
abc168,a,-997
abc042,a,-201
abc347,b,-238
abc437,f,1332
abc443,f,1967
abc164,f,2683
abc282,h,2621
abc175,b,-51
abc439,a,-1184
abc404,e,1286
abc238,f,2058
abc039,b,-54
abc428,e,1167
abc394,a,-993
abc413,c,177
abc248,f,1828
abc069,b,-317
abc305,d,671
abc165,e,1620
abc087,b,161
abc269,d,612
abc378,e,1406
abc236,g,2438
abc165,a,-708
abc115,b,-430
abc440,e,1603
abc395,g,2561
abc324,d,895
abc426,b,-703
abc402,c,331
abc394,d,216
abc318,d,1017
abc145,b,-436
abc366,g,2409
abc446,b,-366
abc043,a,-272
abc394,f,1549
abc155,e,1569
abc033,c,755
abc448,a,-963
abc379,a,-1053
abc332,g,2775
abc198,a,-1088
abc276,e,1058
abc389,g,2762
abc097,a,-429
abc421,f,1805
abc289,g,2109
abc322,d,1310
abc411,e,1400
abc272,f,2238
abc336,b,-683
abc180,a,-1169
abc307,c,1307
abc371,g,2348
abc355,b,-136
abc370,b,-226
abc152,f,1965
abc284,f,1575
abc158,e,1866
abc380,d,849
abc195,d,945
abc357,b,-687
abc339,f,1716
abc119,c,1346
abc202,f,2905
abc408,g,2167
abc031,b,192
abc406,c,862
abc379,g,2304
abc224,e,1657
abc391,d,924
abc293,c,431
abc211,b,-864
abc068,b,-118
abc247,h,2664
abc189,e,1526
abc219,b,-842
abc438,c,367
abc273,e,1624
abc445,d,1102
abc263,c,282
abc319,c,1111
abc395,e,978
abc106,b,-75
abc336,e,1538
abc317,h,3426
abc377,a,-1012
abc258,a,-1060
abc290,h,3569
abc394,e,1403
abc238,b,88
abc256,h,2531
abc450,c,362
abc308,d,619
abc291,g,2176
abc191,b,-791
abc270,f,1834
abc114,c,1045
abc203,a,-1276
abc428,f,2073
abc352,a,-946
abc417,a,-918
abc431,d,693
abc220,d,664
abc258,f,2306
abc425,d,882
abc247,d,468
abc312,f,1534
abc365,f,2561
abc155,c,189
abc399,a,-1129
abc285,d,663
abc248,b,-511
abc227,b,-634
abc174,c,902
abc221,g,2914
abc216,h,3295
abc418,d,821
abc234,a,-1197
abc065,a,-4
abc308,h,2861
abc231,g,2606
abc231,b,-535
abc359,f,1792
abc304,e,971
abc319,b,-299
abc240,a,-1214
abc253,c,518
abc334,b,479
abc390,e,1227
abc147,e,1713
abc376,a,-823
abc153,c,-305
abc313,a,-524
abc065,b,459
abc137,a,-825
abc347,e,1166
abc290,b,-764
abc299,c,104
abc054,d,1655
abc224,a,-1263
abc206,e,1745
abc146,d,1192
abc161,d,991
abc418,f,2496
abc109,d,1172
abc303,h,2501
abc145,a,-1000
abc433,e,1674
abc391,b,-117
abc240,g,2462
abc159,b,-190
abc337,b,-165
abc292,h,2248
abc190,a,-954
abc152,b,-705
abc278,a,-872
abc328,f,1477
abc363,f,1913
abc365,d,730
abc281,c,-45
abc183,f,1586
abc095,a,-766
abc078,b,-334
abc426,c,458
abc272,g,2187
abc192,e,1135
abc022,c,1505
abc294,f,1891
abc296,h,2822
abc305,h,3344
abc338,b,-449
abc268,c,676
abc430,d,982
abc182,a,-1144
abc245,a,-716
abc269,f,1601
abc350,f,1601
abc250,d,797
abc273,h,3598
abc180,e,1256
abc131,c,518
abc307,a,-1088
abc132,d,1167
abc074,b,32
abc106,c,441
abc314,c,337
abc352,d,714
abc372,b,-48
abc205,c,-340
abc195,b,483
abc427,f,1605
abc248,g,2514
abc205,f,2088
abc375,c,972
abc262,g,3114
abc335,g,2614
abc331,f,1666
abc450,d,647
abc103,d,1278
abc359,a,-1075
abc442,c,67
abc023,b,570
abc126,f,1770
abc274,a,-738
abc061,c,808
abc389,a,-1170
abc200,b,-804
abc159,d,496
abc205,d,713
abc407,e,1531
abc418,a,-994
abc414,g,3020
abc376,d,743
abc366,c,80
abc136,c,295
abc385,e,1406
abc398,b,-461
abc230,b,-550
abc098,a,-614
abc211,e,1823
abc093,b,27
abc272,d,804
abc328,g,2193
abc291,d,720
abc317,a,-942
abc023,d,1843
abc365,a,-1071
abc328,d,555
abc075,a,-506
abc324,a,-922
abc319,d,631
abc307,b,-298
abc371,a,-584
abc343,d,422
abc364,d,1136
abc225,c,318
abc243,b,-692
abc436,f,1336
abc125,d,833
abc233,h,2530
abc309,f,1619
abc173,f,1892
abc315,a,-997
abc042,b,616
abc263,e,1659
abc254,g,2890
abc428,b,-89
abc024,b,365
abc072,b,-297
abc364,g,2455
abc161,a,-1083
abc060,a,-376
abc060,b,503
abc164,d,1232
abc408,e,1222
abc266,f,1525
abc438,d,652
abc215,g,2276
abc434,b,-657
abc172,d,963
abc426,a,-843
abc329,a,-1120
abc230,a,-1358
abc090,b,8
abc408,f,1472
abc160,a,-986
abc171,d,498
abc313,b,147
abc113,d,1597
abc118,a,-869
abc030,b,698
abc418,b,-73
abc282,f,1734
abc293,e,1453
abc342,a,-623
abc283,f,1771
abc320,b,-225
abc159,e,1450
abc410,a,-992
abc267,g,2561
abc441,b,-298
abc225,b,-345
abc087,a,-812
abc336,g,3138
abc342,f,2141
abc255,c,574
abc412,b,-508
abc230,e,969
abc339,d,1276
abc288,b,-483
abc181,c,248
abc373,d,765
abc027,a,96
abc266,d,840
abc323,f,1532
abc235,b,-806
abc258,g,1944
abc449,a,-640
abc209,d,686